{"cameraMode":{"drawMode":0,"name":"Shaded","section":"Shading Mode"},"sceneLighting":false,"audioPlay":false,"sceneViewState":{"m_AlwaysRefresh":false,"showFog":true,"showSkybox":false,"showFlares":true,"showImageEffects":true,"showParticleSystems":true,"showVisualEffectGraphs":true,"m_FxEnabled":true},"in2DMode":false,"pivot":{"x":95.03715515136719,"y":48.293853759765628,"z":-234.97579956054688},"rotation":{"x":0.05646899342536926,"y":-0.0029949587769806387,"z":0.00017159726121462882,"w":0.9984067678451538},"size":586.301513671875,"orthographic":true}