{"cameraMode":{"drawMode":0,"name":"Shaded","section":"Shading Mode"},"sceneLighting":false,"audioPlay":false,"sceneViewState":{"m_AlwaysRefresh":false,"showFog":true,"showSkybox":false,"showFlares":true,"showImageEffects":true,"showParticleSystems":true,"showVisualEffectGraphs":true,"m_FxEnabled":true},"in2DMode":false,"pivot":{"x":90.37481689453125,"y":-32.377864837646487,"z":-34.40407943725586},"rotation":{"x":0.0044988347217440609,"y":0.001999923726543784,"z":-7.513787636526104e-7,"w":0.9999958276748657},"size":605.3549194335938,"orthographic":true}