{"cameraMode":{"drawMode":0,"name":"Shaded","section":"Shading Mode"},"sceneLighting":false,"audioPlay":false,"sceneViewState":{"m_AlwaysRefresh":false,"showFog":true,"showSkybox":false,"showFlares":true,"showImageEffects":true,"showParticleSystems":true,"showVisualEffectGraphs":true,"m_FxEnabled":true},"in2DMode":false,"pivot":{"x":-246.88584899902345,"y":-29.589927673339845,"z":-64.47728729248047},"rotation":{"x":0.05646899342536926,"y":-0.0029949587769806387,"z":0.00017159726121462882,"w":0.9984067678451538},"size":574.6090698242188,"orthographic":true}