{"cameraMode":{"drawMode":0,"name":"Shaded","section":"Shading Mode"},"sceneLighting":false,"audioPlay":false,"sceneViewState":{"m_AlwaysRefresh":false,"showFog":true,"showSkybox":false,"showFlares":true,"showImageEffects":true,"showParticleSystems":true,"showVisualEffectGraphs":true,"m_FxEnabled":true},"in2DMode":false,"pivot":{"x":31.975872039794923,"y":12.169212341308594,"z":-42.616519927978519},"rotation":{"x":0.05646899342536926,"y":-0.0029949587769806387,"z":0.00017159726121462882,"w":0.9984067678451538},"size":605.3549194335938,"orthographic":true}