{"cameraMode":{"drawMode":0,"name":"Shaded","section":"Shading Mode"},"sceneLighting":false,"audioPlay":false,"sceneViewState":{"m_AlwaysRefresh":false,"showFog":true,"showSkybox":false,"showFlares":true,"showImageEffects":true,"showParticleSystems":true,"showVisualEffectGraphs":true,"m_FxEnabled":true},"in2DMode":false,"pivot":{"x":-38.68343734741211,"y":-15.179039001464844,"z":-80.83209991455078},"rotation":{"x":0.0044988347217440609,"y":0.001999923726543784,"z":-7.513787636526104e-7,"w":0.9999958276748657},"size":580.1268920898438,"orthographic":true}