{"cameraMode":{"drawMode":0,"name":"Shaded","section":"Shading Mode"},"sceneLighting":false,"audioPlay":false,"sceneViewState":{"m_AlwaysRefresh":false,"showFog":true,"showSkybox":false,"showFlares":true,"showImageEffects":true,"showParticleSystems":true,"showVisualEffectGraphs":true,"m_FxEnabled":true},"in2DMode":false,"pivot":{"x":876.8345947265625,"y":677.3438720703125,"z":-48.87334060668945},"rotation":{"x":0.014492652378976345,"y":0.028993433341383935,"z":-0.000411031098337844,"w":0.9994822144508362},"size":227.97486877441407,"orthographic":true}