{"cameraMode":{"drawMode":0,"name":"Shaded","section":"Shading Mode"},"sceneLighting":true,"audioPlay":false,"sceneViewState":{"m_AlwaysRefresh":false,"showFog":true,"showSkybox":true,"showFlares":true,"showImageEffects":true,"showParticleSystems":true,"showVisualEffectGraphs":true,"m_FxEnabled":true},"in2DMode":false,"pivot":{"x":256.05194091796877,"y":112.43134307861328,"z":-189.1260528564453},"rotation":{"x":0.0044988347217440609,"y":0.001999923726543784,"z":-7.513787636526104e-7,"w":0.9999958276748657},"size":793.7554931640625,"orthographic":true}